{
  "0": {
    "precision": 0.8715422508525957,
    "recall": 0.7063882063882064,
    "f1-score": 0.7803223070398643,
    "support": 6512.0
  },
  "1": {
    "precision": 0.3852090032154341,
    "recall": 0.6385927505330491,
    "f1-score": 0.4805455274769354,
    "support": 1876.0
  },
  "accuracy": 0.6912255603242727,
  "macro avg": {
    "precision": 0.628375627034015,
    "recall": 0.6724904784606278,
    "f1-score": 0.6304339172583998,
    "support": 8388.0
  },
  "weighted avg": {
    "precision": 0.7627724401030351,
    "recall": 0.6912255603242727,
    "f1-score": 0.713276379707955,
    "support": 8388.0
  }
}